[
  {
    "model": "kompira.baseobject",
    "pk": 1,
    "fields": {
      "abspath": "/system/types/TypeObject",
      "display_name": "型オブジェクト",
      "description": "型の型オブジェクト",
      "owner": 2,
      "type_object": 1,
      "parent_object": 5,
      "created": "2025-04-22T23:30:12.721Z",
      "updated": "2025-04-22T23:30:12.725Z"
    }
  },
  {
    "model": "kompira.baseobject",
    "pk": 2,
    "fields": {
      "abspath": "/system/types/Directory",
      "display_name": "ディレクトリ",
      "description": "ディレクトリの型オブジェクト",
      "owner": 2,
      "type_object": 1,
      "parent_object": 5,
      "created": "2025-04-22T23:30:12.722Z",
      "updated": "2025-04-22T23:30:12.726Z"
    }
  },
  {
    "model": "kompira.baseobject",
    "pk": 3,
    "fields": {
      "abspath": "/",
      "display_name": "ルートディレクトリ",
      "description": "",
      "owner": 2,
      "type_object": 2,
      "parent_object": 3,
      "created": "2025-04-22T23:30:12.723Z",
      "updated": "2025-04-22T23:30:12.723Z"
    }
  },
  {
    "model": "kompira.baseobject",
    "pk": 4,
    "fields": {
      "abspath": "/system",
      "display_name": "システムディレクトリ",
      "description": "",
      "owner": 2,
      "type_object": 2,
      "parent_object": 3,
      "created": "2025-04-22T23:30:12.723Z",
      "updated": "2025-04-22T23:30:12.723Z"
    }
  },
  {
    "model": "kompira.baseobject",
    "pk": 5,
    "fields": {
      "abspath": "/system/types",
      "display_name": "システム定義型ディレクトリ",
      "description": "",
      "owner": 2,
      "type_object": 2,
      "parent_object": 4,
      "created": "2025-04-22T23:30:12.724Z",
      "updated": "2025-04-22T23:30:12.724Z"
    }
  },
  {
    "model": "kompira.baseobject",
    "pk": 6,
    "fields": {
      "abspath": "/root",
      "display_name": "root",
      "description": "",
      "owner": 2,
      "type_object": 2,
      "parent_object": 3,
      "created": "2025-04-22T23:30:12.724Z",
      "updated": "2025-04-22T23:30:12.724Z"
    }
  },
  {
    "model": "kompira.baseobject",
    "pk": 7,
    "fields": {
      "abspath": "/home",
      "display_name": "home",
      "description": "",
      "owner": 2,
      "type_object": 2,
      "parent_object": 3,
      "created": "2025-04-22T23:30:12.724Z",
      "updated": "2025-04-22T23:30:12.724Z"
    }
  },
  {
    "model": "kompira.baseobject",
    "pk": 8,
    "fields": {
      "abspath": "/home/guest",
      "display_name": "guest",
      "description": "",
      "owner": 3,
      "type_object": 2,
      "parent_object": 7,
      "created": "2025-04-22T23:30:12.725Z",
      "updated": "2025-04-22T23:30:12.725Z"
    }
  },
  {
    "model": "kompira.field",
    "pk": 1,
    "fields": {
      "object": 1,
      "name": "extend",
      "display_name": "拡張モジュール",
      "type": "String",
      "qual": null
    }
  },
  {
    "model": "kompira.field",
    "pk": 2,
    "fields": {
      "object": 1,
      "name": "fieldNames",
      "display_name": "フィールド名の列",
      "type": "Array",
      "qual": null
    }
  },
  {
    "model": "kompira.field",
    "pk": 3,
    "fields": {
      "object": 1,
      "name": "fieldDisplayNames",
      "display_name": "フィールド表示名の列",
      "type": "Array",
      "qual": null
    }
  },
  {
    "model": "kompira.field",
    "pk": 4,
    "fields": {
      "object": 1,
      "name": "fieldTypes",
      "display_name": "フィールド型の列",
      "type": "Array",
      "qual": null
    }
  },
  {
    "model": "kompira.field",
    "pk": 5,
    "fields": {
      "object": 2,
      "name": "extend",
      "display_name": "拡張モジュール",
      "type": "String",
      "qual": null
    }
  },
  {
    "model": "kompira.field",
    "pk": 6,
    "fields": {
      "object": 2,
      "name": "fieldNames",
      "display_name": "フィールド名の列",
      "type": "Array",
      "qual": null
    }
  },
  {
    "model": "kompira.field",
    "pk": 7,
    "fields": {
      "object": 2,
      "name": "fieldDisplayNames",
      "display_name": "フィールド表示名の列",
      "type": "Array",
      "qual": null
    }
  },
  {
    "model": "kompira.field",
    "pk": 8,
    "fields": {
      "object": 2,
      "name": "fieldTypes",
      "display_name": "フィールド型の列",
      "type": "Array",
      "qual": null
    }
  },
  {
    "model": "kompira.stringdata",
    "pk": 1,
    "fields": {
      "key": null,
      "field": 1,
      "value": ""
    }
  },
  {
    "model": "kompira.stringdata",
    "pk": 2,
    "fields": {
      "key": null,
      "field": 2,
      "value": "extend"
    }
  },
  {
    "model": "kompira.stringdata",
    "pk": 3,
    "fields": {
      "key": null,
      "field": 2,
      "value": "fieldNames"
    }
  },
  {
    "model": "kompira.stringdata",
    "pk": 4,
    "fields": {
      "key": null,
      "field": 2,
      "value": "fieldDisplayNames"
    }
  },
  {
    "model": "kompira.stringdata",
    "pk": 5,
    "fields": {
      "key": null,
      "field": 2,
      "value": "fieldTypes"
    }
  },
  {
    "model": "kompira.stringdata",
    "pk": 6,
    "fields": {
      "key": null,
      "field": 3,
      "value": "拡張モジュール"
    }
  },
  {
    "model": "kompira.stringdata",
    "pk": 7,
    "fields": {
      "key": null,
      "field": 3,
      "value": "フィールド名の列"
    }
  },
  {
    "model": "kompira.stringdata",
    "pk": 8,
    "fields": {
      "key": null,
      "field": 3,
      "value": "フィールド表示名の列"
    }
  },
  {
    "model": "kompira.stringdata",
    "pk": 9,
    "fields": {
      "key": null,
      "field": 3,
      "value": "フィールド型の列"
    }
  },
  {
    "model": "kompira.stringdata",
    "pk": 10,
    "fields": {
      "key": null,
      "field": 4,
      "value": "String"
    }
  },
  {
    "model": "kompira.stringdata",
    "pk": 11,
    "fields": {
      "key": null,
      "field": 4,
      "value": "Array"
    }
  },
  {
    "model": "kompira.stringdata",
    "pk": 12,
    "fields": {
      "key": null,
      "field": 4,
      "value": "Array"
    }
  },
  {
    "model": "kompira.stringdata",
    "pk": 13,
    "fields": {
      "key": null,
      "field": 4,
      "value": "Array"
    }
  },
  {
    "model": "kompira.stringdata",
    "pk": 14,
    "fields": {
      "key": null,
      "field": 5,
      "value": ""
    }
  },
  {
    "model": "kompira.stringdata",
    "pk": 15,
    "fields": {
      "key": null,
      "field": 6,
      "value": "orderBy"
    }
  },
  {
    "model": "kompira.stringdata",
    "pk": 16,
    "fields": {
      "key": null,
      "field": 6,
      "value": "pageSize"
    }
  },
  {
    "model": "kompira.stringdata",
    "pk": 17,
    "fields": {
      "key": null,
      "field": 7,
      "value": "ソート順"
    }
  },
  {
    "model": "kompira.stringdata",
    "pk": 18,
    "fields": {
      "key": null,
      "field": 7,
      "value": "ページサイズ"
    }
  },
  {
    "model": "kompira.stringdata",
    "pk": 19,
    "fields": {
      "key": null,
      "field": 8,
      "value": "String"
    }
  },
  {
    "model": "kompira.stringdata",
    "pk": 20,
    "fields": {
      "key": null,
      "field": 8,
      "value": "Integer#{\"default\": 25, \"min_value\": 10, \"max_value\": 1000}"
    }
  },
  {
    "model": "kompira.grouppermission",
    "pk": 1,
    "fields": {
      "readable": true,
      "writable": false,
      "executable": false,
      "owner": 1,
      "object": 3,
      "priority": 0
    }
  },
  {
    "model": "kompira.grouppermission",
    "pk": 2,
    "fields": {
      "readable": true,
      "writable": false,
      "executable": false,
      "owner": 1,
      "object": 4,
      "priority": 0
    }
  },
  {
    "model": "kompira.grouppermission",
    "pk": 3,
    "fields": {
      "readable": true,
      "writable": false,
      "executable": false,
      "owner": 1,
      "object": 5,
      "priority": 0
    }
  },
  {
    "model": "kompira.grouppermission",
    "pk": 4,
    "fields": {
      "readable": true,
      "writable": false,
      "executable": false,
      "owner": 1,
      "object": 7,
      "priority": 0
    }
  },
  {
    "model": "kompira.protectedobject",
    "pk": 1,
    "fields": {
      "object": 3
    }
  },
  {
    "model": "kompira.group",
    "pk": 1,
    "fields": {
      "is_ldap_group": false
    }
  },
  {
    "model": "kompira.group",
    "pk": 2,
    "fields": {
      "is_ldap_group": false
    }
  },
  {
    "model": "kompira.user",
    "pk": 1,
    "fields": {
      "password": "pbkdf2_sha256$260000$5BNooNgmixQZ7BfCChwJz1$7Aq3uDBX5FQIIGCoO86XLbNlL/+YzjmiHij0DBp1Zmo=",
      "last_login": null,
      "username": "admin",
      "first_name": "",
      "last_name": "",
      "email": "",
      "is_staff": true,
      "is_active": false,
      "is_ldap_user": false,
      "home_directory": null,
      "environment": null,
      "groups": []
    }
  },
  {
    "model": "kompira.user",
    "pk": 2,
    "fields": {
      "password": "pbkdf2_sha256$260000$BFClJzYFwhlmprtuBB68in$a5pg5SWG4Mkl8a46zeXI4N6yBKC+zYvJnaDn2XLNTYY=",
      "last_login": null,
      "username": "root",
      "first_name": "",
      "last_name": "",
      "email": "",
      "is_staff": false,
      "is_active": true,
      "is_ldap_user": false,
      "home_directory": 6,
      "environment": null,
      "groups": []
    }
  },
  {
    "model": "kompira.user",
    "pk": 3,
    "fields": {
      "password": "pbkdf2_sha256$260000$n0V3ELRBeOE2OK8qtfFi9r$ukSpE0loYv6iFYy7dXiAgQxJTMXBh8Iesh8I9e2Db7Y=",
      "last_login": null,
      "username": "guest",
      "first_name": "",
      "last_name": "",
      "email": "",
      "is_staff": false,
      "is_active": true,
      "is_ldap_user": false,
      "home_directory": 8,
      "environment": null,
      "groups": []
    }
  },
  {
    "model": "kompira.protectedgroup",
    "pk": 1,
    "fields": {
      "group": 1
    }
  },
  {
    "model": "kompira.protectedgroup",
    "pk": 2,
    "fields": {
      "group": 2
    }
  },
  {
    "model": "kompira.protecteduser",
    "pk": 1,
    "fields": {
      "user": 1
    }
  },
  {
    "model": "kompira.protecteduser",
    "pk": 2,
    "fields": {
      "user": 2
    }
  },
  {
    "model": "kompira.protecteduser",
    "pk": 3,
    "fields": {
      "user": 3
    }
  },
  {
    "model": "auth.group",
    "pk": 1,
    "fields": {
      "name": "other",
      "permissions": []
    }
  },
  {
    "model": "auth.group",
    "pk": 2,
    "fields": {
      "name": "wheel",
      "permissions": []
    }
  }
]
